{"1": {"low": 5.0, "high": 6.699999999999999}, "2": {"low": 2.6, "high": 3.5}, "3": {"low": 1.4, "high": 5.6}, "4": {"low": 0.2, "high": 2.0649999999999995}}